"","applicationNumber","filingDate","status","allowanceDate","prosecutionLength","rejections","RCE","examinerInterviews","tranhistory","continuity","foreign"
"1","05907415",NA,"Unknown or Pending",NA,NA,0,0,0,0,0,0
"2","05923999",1979-08-22,"Allowed",1980-08-28,372,1,0,0,1,0,0
"3","05941084",NA,"Unknown or Pending",NA,NA,0,0,0,0,0,0
"4","05964875",1980-04-15,"Allowed",1980-04-15,0,1,0,0,1,0,0
"5","06026681",1980-07-31,"Allowed",1980-07-31,0,1,0,0,1,0,1
"6","06038971",1979-10-24,"Allowed",1979-10-24,0,1,0,0,1,0,0
"7","06102044",1980-07-11,"Allowed",1980-11-25,137,1,0,0,1,1,0
"8","06104623",1980-10-31,"Allowed",1981-04-13,164,1,0,0,1,0,0
"9","06105871",1981-07-15,"Allowed",1981-07-15,0,1,0,0,1,0,1
"10","06108256",1981-05-15,"Allowed",1981-09-15,123,1,0,0,1,0,0
"11","06108368",1980-08-30,"Allowed",1980-08-30,0,1,0,0,1,0,0
"12","06124185",1981-04-27,"Allowed",1981-04-27,0,1,0,0,1,0,0
"13","06128172",1981-04-14,"Allowed",1981-04-14,0,1,0,0,1,0,0
"14","06146821",1981-04-20,"Allowed",1981-08-14,116,1,0,0,1,0,0
"15","06147815",1980-12-23,"Abandoned",1982-06-30,554,1,0,0,1,1,0
"16","06157092",1981-09-28,"Unknown or Pending",NA,NA,1,0,0,1,1,1
"17","06161962",1981-06-01,"Allowed",1982-03-02,274,1,0,0,1,0,0
"18","06163108",1982-01-27,"Allowed",1982-08-19,204,2,0,0,1,0,0
"19","06163307",1981-06-12,"Allowed",1981-08-27,76,1,0,0,1,0,0
"20","06202018",1981-08-07,"Allowed",1982-06-23,320,1,0,0,1,0,0
"21","06208924",1982-06-28,"Allowed",1982-07-13,15,1,0,0,1,0,0
"22","06212120",1981-07-09,"Allowed",1982-03-03,237,1,0,0,1,1,0
"23","06213752",1981-07-10,"Allowed",1982-04-20,284,1,0,0,1,0,0
"24","06223306",1982-02-11,"Allowed",1982-11-10,272,1,0,0,1,0,1
"25","06226874",1982-02-08,"Allowed",1983-01-12,338,1,0,0,1,0,0
"26","06227330",1981-05-19,"Unknown or Pending",NA,NA,1,0,0,1,1,0
"27","06259835",1981-11-05,"Allowed",1982-08-10,278,1,0,0,1,0,0
"28","06301446",1982-02-03,"Allowed",1983-08-09,552,2,0,0,1,0,0
"29","06304128",1982-06-25,"Allowed",1982-12-03,161,1,0,0,1,1,1
"30","06307104",1982-03-16,"Allowed",1983-01-03,293,0,0,0,1,0,0
"31","06307890",1982-03-09,"Allowed",1983-05-13,430,0,0,0,1,0,1
"32","06308137",1982-10-25,"Allowed",1983-03-16,142,2,0,0,1,0,1
"33","06325941",1982-04-29,"Allowed",1983-09-13,502,1,0,0,1,1,0
"34","06328067",1982-09-10,"Allowed",1983-02-17,160,1,0,0,1,0,1
"35","06331971",1982-11-29,"Allowed",1985-09-11,1017,3,0,0,1,0,0
"36","06333568",1982-05-26,"Allowed",1983-11-15,538,1,0,0,1,0,1
"37","06337185",1982-08-02,"Allowed",1984-05-15,652,2,0,0,1,0,1
"38","06338204",1982-06-04,"Allowed",1983-10-18,501,1,0,0,1,0,0
"39","06354065",1982-06-28,"Allowed",1983-05-09,315,1,0,0,1,0,0
"40","06408798",1982-12-06,"Allowed",1984-02-07,428,1,0,0,1,0,0
"41","06418552",1982-11-26,"Unknown or Pending",NA,NA,2,0,0,1,1,1
"42","06420232",1982-12-06,"Allowed",1984-04-25,506,2,0,1,1,0,0
"43","06423176",1983-03-01,"Allowed",1984-04-11,407,1,0,0,1,0,1
"44","06425024",1983-03-21,"Allowed",1984-05-18,424,0,0,0,1,0,0
"45","06425101",1983-03-16,"Allowed",1984-02-14,335,2,0,0,1,1,1
"46","06432390",1983-01-14,"Allowed",1985-03-20,796,1,0,0,1,0,0
"47","06437109",1982-10-27,"Allowed",1984-07-12,624,1,0,0,1,0,0
"48","06441451",1983-03-02,"Allowed",1984-07-12,498,1,0,0,1,0,0
"49","06450752",1983-03-18,"Allowed",1984-06-22,462,1,0,0,1,0,1
"50","06453039",1982-12-27,"Allowed",1984-03-23,452,0,0,0,1,0,0
"51","06510301",1983-08-30,"Allowed",1985-09-30,762,1,0,0,1,0,1
"52","06525025",1983-08-22,"Allowed",1985-01-03,500,0,0,0,1,0,0
"53","06526493",1983-10-12,"Abandoned",NA,NA,1,0,0,1,1,0
"54","06527799",1984-03-05,"Allowed",1985-01-24,325,1,0,1,1,0,1
"55","06528954",1983-10-26,"Allowed",1984-10-29,369,1,0,0,1,0,1
"56","06530152",1983-12-19,"Allowed",1984-04-02,105,0,0,0,1,0,0
"57","06532368",1983-09-15,"Unknown or Pending",NA,NA,2,0,0,1,1,0
"58","06533086",1983-11-02,"Allowed",1986-03-11,860,1,0,0,1,0,0
"59","06542175",1983-10-14,"Allowed",1985-02-12,487,1,0,0,1,0,0
"60","06550212",1984-03-21,"Allowed",1986-04-07,747,2,0,0,1,0,1
"61","06613082",1984-11-29,"Allowed",1985-07-08,221,1,0,0,1,0,0
"62","06614856",1984-07-13,"Allowed",1986-06-07,694,0,0,0,1,0,0
"63","06627745",1984-08-23,"Allowed",1987-01-21,881,2,0,0,1,0,1
"64","06637881",1984-10-02,"Allowed",1985-03-13,162,0,0,0,1,0,1
"65","06638261",1984-10-17,"Allowed",1985-05-02,197,2,0,0,1,0,0
"66","06640286",1984-11-23,"Allowed",1985-08-19,269,0,0,1,1,0,0
"67","06642953",1984-10-17,"Allowed",1986-03-25,524,1,0,0,1,0,0
"68","06647099",1984-09-04,"Allowed",1985-05-30,268,0,0,0,1,0,1
"69","06648382",1984-11-02,"Allowed",1987-08-04,1005,3,0,2,1,1,1
"70","06718722",1985-05-17,"Allowed",1986-03-27,314,1,0,0,1,0,0
"71","06719592",1985-05-20,"Allowed",1986-01-09,234,1,0,0,1,1,0
"72","06720872",1985-05-29,"Allowed",1985-10-11,135,0,0,0,1,0,1
"73","06720931",1985-06-28,"Allowed",1986-09-29,458,1,0,0,1,0,1
"74","06726850",1985-08-12,"Allowed",1986-02-19,191,1,0,0,1,0,0
"75","06729582",1985-06-18,"Allowed",1986-10-02,471,2,0,0,1,0,1
"76","06730828",1985-06-14,"Allowed",1986-03-19,278,0,0,0,1,1,0
"77","06743452",1985-07-23,"Allowed",1987-02-20,577,2,0,2,1,0,1
"78","06746630",1985-08-09,"Allowed",1987-02-18,558,2,0,0,1,0,0
"79","06748358",1985-08-14,"Allowed",1987-02-06,541,4,0,2,1,1,0
"80","06801167",1986-01-31,"Allowed",1987-05-26,480,2,0,0,1,0,0
"81","06804065",1985-12-03,"Allowed",1986-02-28,87,0,0,0,1,1,1
"82","06807022",1986-02-07,"Allowed",1988-05-17,830,0,0,0,1,0,0
"83","06809314",1986-01-31,"Allowed",1986-08-01,182,1,0,0,1,1,0
"84","06818699",1986-03-10,"Allowed",1986-08-18,161,1,0,1,1,0,1
"85","06830382",1986-04-17,"Allowed",1986-06-16,60,0,0,0,1,1,0
"86","06830912",1986-04-19,"Allowed",1986-05-14,25,0,0,1,1,1,0
"87","06832282",1986-05-22,"Allowed",1988-01-21,609,1,0,0,1,0,0
"88","06835016",1987-01-20,"Allowed",1988-05-20,486,1,0,0,1,1,0
"89","06846032",1986-08-08,"Unknown or Pending",NA,NA,1,0,0,1,1,1
"90","06850944",1986-08-11,"Allowed",1988-08-11,731,1,0,0,1,0,0
"91","07000356",1987-03-09,"Allowed",1988-02-11,339,2,0,0,1,0,0
"92","07017822",1987-05-07,"Allowed",1987-12-14,221,1,0,0,1,0,0
"93","07020179",1987-06-16,"Allowed",1987-10-15,121,1,0,0,1,1,1
"94","07026755",1987-05-15,"Allowed",1988-07-01,413,2,0,2,1,1,0
"95","07032652",1987-04-01,"Allowed",1989-11-29,973,0,0,0,1,0,0
"96","07038753",1987-06-30,"Allowed",1988-05-06,311,1,0,0,1,0,1
"97","07039578",1987-06-19,"Abandoned",NA,NA,2,0,0,1,1,1
"98","07040923",1987-06-04,"Allowed",1989-02-13,620,1,0,0,1,0,1
"99","07042055",1987-06-30,"Allowed",1988-09-02,430,3,0,0,1,1,0
"100","07048100",1987-10-16,"Allowed",1989-09-20,705,3,0,3,1,1,0
"101","07103826",1987-11-25,"Allowed",1988-05-06,163,1,0,1,1,0,0
"102","07107431",1987-11-10,"Allowed",1989-02-03,451,1,0,0,1,0,1
"103","07114268",1987-12-08,"Allowed",1990-04-04,848,0,0,0,1,0,1
"104","07118324",1988-01-20,"Abandoned",NA,NA,2,0,0,1,1,0
"105","07119164",1988-01-11,"Allowed",1989-04-07,452,1,0,0,1,1,0
"106","07127698",1988-01-29,"Allowed",1989-04-14,441,0,0,0,1,0,1
"107","07142286",1988-04-29,"Allowed",1988-09-08,132,1,0,0,1,1,1
"108","07145141",1988-03-04,"Allowed",1989-06-05,458,2,0,0,1,0,1
"109","07147738",1988-04-04,"Abandoned",NA,NA,1,0,0,1,1,1
"110","07155130",1988-02-11,"Allowed",1989-09-21,588,1,0,1,1,0,1
"111","07225222",1988-09-21,"Allowed",1989-06-06,258,2,0,1,1,0,0
"112","07225463",1988-09-14,"Allowed",1989-08-21,341,1,0,0,1,0,0
"113","07237868",1988-09-16,"Allowed",1990-05-29,620,2,0,0,1,0,1
"114","07237968",1988-09-15,"Allowed",1989-02-13,151,0,0,0,1,0,1
"115","07238392",1988-10-05,"Allowed",1989-02-23,141,0,0,0,1,1,0
"116","07239761",1988-10-05,"Unknown or Pending",NA,NA,2,0,0,1,1,0
"117","07244078",1988-10-18,"Allowed",1989-07-14,269,1,0,0,1,0,0
"118","07250974",1988-11-02,"Allowed",1989-06-16,226,1,0,0,1,1,0
"119","07301520",1989-02-17,"Allowed",1990-01-08,325,2,0,2,1,0,0
"120","07302629",1989-02-24,"Allowed",1989-12-19,298,1,0,0,1,1,0
"121","07307510",1989-03-04,"Allowed",1989-11-06,247,1,0,0,1,1,0
"122","07308995",1989-03-10,"Allowed",1989-12-11,276,1,0,0,1,1,0
"123","07320751",1989-04-03,"Allowed",1989-10-24,204,0,0,1,1,0,1
"124","07323455",1989-04-10,"Allowed",1990-04-06,361,1,0,0,1,0,1
"125","07324853",1989-04-10,"Allowed",1991-03-20,709,1,0,1,1,0,1
"126","07331765",1989-04-27,"Allowed",1989-11-21,208,1,0,0,1,0,0
"127","07338155",1989-05-05,"Allowed",1989-12-29,238,0,0,0,1,1,1
"128","07345189",1989-06-12,"Allowed",1990-01-09,211,1,0,0,1,0,0
"129","07348500",1989-06-09,"Allowed",1991-04-29,689,2,0,0,1,0,1
"130","07411263",1989-11-20,"Allowed",1990-06-08,200,1,0,0,1,1,1
"131","07411383",1989-10-25,"Allowed",1992-07-23,1002,2,0,1,1,0,1
"132","07411719",1989-10-11,"Allowed",1990-07-02,264,1,0,1,1,0,0
"133","07415059",1989-10-27,"Allowed",1990-10-09,347,1,0,0,1,0,1
"134","07420669",1989-11-09,"Allowed",1989-12-07,28,0,0,0,1,1,0
"135","07420958",1989-11-01,"Allowed",1990-12-28,422,1,0,1,1,0,0
"136","07423224",1989-11-03,"Allowed",1990-08-01,271,1,0,0,1,0,1
"137","07425217",1990-04-04,"Allowed",1992-05-01,758,2,0,0,1,0,1
"138","07438402",1990-03-03,"Allowed",1990-07-11,130,1,0,0,1,0,1
"139","07440481",1990-01-05,"Unknown or Pending",NA,NA,1,0,0,1,1,1
"140","07508716",1990-04-25,"Unknown or Pending",NA,NA,2,0,0,1,1,1
"141","07516425",1990-05-21,"Allowed",1991-06-07,382,2,0,2,1,1,0
"142","07528518",1990-06-18,"Allowed",1991-05-24,340,1,0,0,1,1,0
"143","07534028",1990-06-30,"Allowed",1992-12-30,914,1,0,0,1,1,0
"144","07563817",1990-08-27,"Allowed",1991-04-17,233,1,0,0,1,1,1
"145","07564266",1990-08-25,"Abandoned",NA,NA,1,0,0,1,1,0
"146","07573428",1990-09-19,"Allowed",1993-05-06,960,3,0,0,1,1,0
"147","07580285",1990-09-27,"Allowed",1991-02-26,152,1,0,0,1,0,0
"148","07608748",1991-02-28,"Abandoned",NA,NA,2,0,0,1,1,0
"149","07615831",1990-12-10,"Allowed",1991-06-17,189,1,0,0,1,0,0
"150","07631132",1991-01-26,"Allowed",1992-01-07,346,2,0,0,1,0,0
"151","07637675",1991-02-11,"Allowed",1992-08-17,553,2,0,0,1,1,0
"152","07640873",1991-02-06,"Allowed",1991-11-20,287,1,0,1,1,0,1
"153","07644586",1991-02-22,"Allowed",1991-08-05,164,1,0,0,1,0,1
"154","07657781",1991-03-14,"Allowed",1992-03-16,368,1,0,1,1,1,0
"155","07660010",1991-03-14,"Allowed",1993-01-06,664,2,0,0,1,0,1
"156","07665602",1991-03-15,"Allowed",1992-05-05,417,1,0,2,1,0,0
"157","07693409",1991-05-21,"Allowed",1993-02-09,630,0,0,0,1,0,0
"158","07707115",1991-06-06,"Unknown or Pending",NA,NA,2,0,0,1,1,1
"159","07718841",1991-07-30,"Allowed",1993-02-19,570,0,0,0,1,0,0
"160","07735142",1991-08-13,"Allowed",1992-07-13,335,2,0,2,1,0,0
"161","07761438",1991-10-03,"Allowed",1993-03-23,537,2,0,0,1,1,0
"162","07771170",1991-10-23,"Abandoned",NA,NA,1,0,2,1,1,0
"163","07775927",1992-04-21,"Allowed",1992-06-15,55,0,0,1,1,0,1
"164","07783535",1991-11-20,"Allowed",1993-02-04,442,2,0,0,1,1,0
"165","07808111",1992-01-09,"Allowed",1994-08-24,958,2,0,3,1,0,1
"166","07813131",1992-01-18,"Allowed",1992-12-14,331,0,0,0,1,0,0
"167","07823282",1992-02-13,"Allowed",1995-08-10,1274,2,0,0,1,0,1
"168","07830619",1992-02-24,"Allowed",1992-12-21,301,1,0,0,1,0,0
"169","07836887",1992-03-16,"Allowed",1993-06-24,465,1,0,0,1,0,0
"170","07858567",1992-04-22,"Allowed",1993-09-21,517,2,0,0,1,1,0
"171","07859357",1992-07-29,"Allowed",1992-12-14,138,0,0,0,1,0,1
"172","07866626",1992-05-06,"Allowed",1995-05-31,1120,5,0,2,1,1,0
"173","07869939",1992-05-04,"Allowed",1993-09-01,485,1,0,0,1,0,1
"174","07871442",1992-05-11,"Allowed",1993-09-02,479,2,0,0,1,1,1
"175","07914987",1992-08-07,"Allowed",1994-04-05,606,1,0,0,1,0,1
"176","07921047",1992-08-14,"Allowed",1993-04-29,258,1,0,1,1,0,1
"177","07943960",1992-10-05,"Allowed",1993-03-03,149,1,0,0,1,0,0
"178","07960804",1992-11-03,"Allowed",1993-10-15,346,1,0,1,1,0,0
"179","07969218",1993-06-03,"Allowed",1994-01-11,222,1,0,0,1,0,1
"180","07969604",1992-12-01,"Allowed",1994-01-24,419,1,0,0,1,1,0
"181","07974461",1992-12-07,"Allowed",1993-06-24,199,1,0,1,1,0,0
"182","07979817",1992-12-18,"Allowed",1993-09-23,279,1,0,0,1,1,0
"183","08000728",1993-02-11,"Allowed",1994-09-21,587,1,0,0,1,0,1
"184","08003915",1993-02-23,"Allowed",1994-08-10,533,2,0,1,1,1,0
"185","08010427",1993-03-08,"Allowed",1994-11-01,603,1,0,0,1,1,0
"186","08026253",1993-06-03,"Abandoned",NA,NA,2,0,0,1,1,1
"187","08043505",1993-05-14,"Abandoned",1997-08-05,1544,4,0,0,1,1,0
"188","08043582",1993-05-19,"Allowed",1993-11-16,181,0,0,0,1,1,1
"189","08056974",1993-06-16,"Abandoned",NA,NA,3,0,0,1,1,0
"190","08058250",1993-06-15,"Allowed",1994-04-05,294,0,0,0,1,0,1
"191","08064311",1993-06-30,"Allowed",1993-09-21,83,0,0,0,1,0,0
"192","08085279",1993-07-27,"Allowed",1994-10-31,461,2,0,0,1,1,0
"193","08087123",1993-08-20,"Allowed",1994-04-05,228,1,0,1,1,1,1
"194","08120291",1993-10-25,"Allowed",1994-11-29,400,1,0,0,1,0,0
"195","08123604",1993-10-21,"Allowed",1996-02-20,852,2,0,0,1,0,0
"196","08152771",1993-12-30,"Allowed",1995-01-24,390,1,0,0,1,0,0
"197","08154158",1993-12-30,"Allowed",2001-05-11,2689,2,0,0,1,1,0
"198","08163793",1993-12-22,"Allowed",1996-04-02,832,1,0,0,1,0,1
"199","08163802",1994-02-17,"Allowed",1995-02-22,370,1,0,0,1,0,0
"200","08174798",1994-02-10,"Unknown or Pending",NA,NA,2,0,0,1,1,0
"201","08184488",1994-03-10,"Unknown or Pending",NA,NA,2,0,0,1,1,0
"202","08191962",1994-03-23,"Allowed",1994-07-19,118,1,0,0,1,1,1
"203","08194599",1994-03-14,"Allowed",1995-07-21,494,2,0,0,1,0,0
"204","08200707",1994-04-01,"Allowed",1997-10-22,1300,2,0,1,1,1,1
"205","08220659",1994-04-30,"Allowed",1996-05-09,740,3,0,0,1,1,0
"206","08221179",1994-04-29,"Allowed",1994-10-27,181,1,0,0,1,1,1
"207","08223581",1994-05-09,"Allowed",1995-10-24,533,2,0,0,1,0,0
"208","08247115",1994-06-29,"Unknown or Pending",NA,NA,2,0,0,1,1,1
"209","08273868",1994-08-20,"Allowed",1995-05-17,270,0,0,0,1,0,0
"210","08276705",1994-08-23,"Allowed",1995-10-30,433,1,0,0,1,1,0
"211","08296207",1994-09-28,"Unknown or Pending",NA,NA,2,0,0,1,1,0
"212","08296449",1994-09-28,"Allowed",1995-11-03,401,1,0,0,1,0,0
"213","08299411",1994-10-03,"Unknown or Pending",NA,NA,2,0,1,1,1,1
"214","08304023",1994-10-18,"Allowed",1995-05-22,216,0,0,0,1,1,0
"215","08326043",1994-11-25,"Allowed",1995-05-25,181,0,0,0,1,1,0
"216","08330334",1994-12-09,"Allowed",1996-04-15,493,1,0,0,1,0,0
"217","08333337",1994-11-18,"Allowed",1995-02-08,82,1,0,0,1,1,1
"218","08349184",1995-01-31,"Allowed",1996-02-08,373,1,0,0,1,1,0
"219","08350650",1995-01-20,"Allowed",1996-05-23,489,1,0,0,1,0,1
"220","08359722",1995-02-16,"Allowed",1996-02-27,376,1,0,1,1,0,1
"221","08366334",1995-03-03,"Allowed",1996-06-24,479,2,0,0,1,1,0
"222","08370607",1995-03-02,"Allowed",1996-03-19,383,1,0,0,1,0,1
"223","08371729",1995-03-17,"Allowed",1996-03-18,367,1,0,0,1,0,0
"224","08395992",1995-03-31,"Allowed",1996-10-30,579,1,0,0,1,0,0
"225","08401233",1995-04-07,"Allowed",1996-08-08,489,2,0,1,1,1,0
"226","08401793",1995-04-13,"Allowed",1996-08-29,504,1,0,0,1,1,1
"227","08404540",1995-04-24,"Allowed",1998-05-07,1109,3,0,0,1,1,0
"228","08405604",1995-07-20,"Allowed",1996-07-10,356,1,0,0,1,1,0
"229","08412921",1995-04-28,"Allowed",1997-02-12,656,1,0,0,1,0,0
"230","08419609",1995-05-19,"Allowed",1996-08-02,441,0,0,0,1,1,0
"231","08432770",1995-10-05,"Allowed",1996-01-17,104,0,0,0,1,1,0
"232","08458523",1995-07-21,"Allowed",1996-03-28,251,0,0,0,1,0,0
"233","08474660",1995-08-16,"Allowed",1997-05-28,651,3,0,0,1,1,0
"234","08498921",1995-08-14,"Allowed",1995-10-17,64,0,0,1,1,1,0
"235","08503345",1995-08-29,"Allowed",1995-11-20,83,0,0,0,1,1,0
"236","08534680",1995-10-23,"Allowed",1996-06-27,248,0,0,0,1,0,0
"237","08538968",1995-11-06,"Allowed",1997-01-02,423,1,0,1,1,0,1
"238","08549820",1996-01-17,"Allowed",1996-07-08,173,0,0,0,1,1,1
"239","08550192",1995-12-06,"Allowed",1997-10-23,687,1,0,1,1,0,1
"240","08566642",1996-01-03,"Allowed",1998-11-18,1050,3,0,0,1,0,0
"241","08576166",1996-01-26,"Allowed",1997-04-07,437,0,0,0,1,1,1
"242","08587088",1996-01-29,"Allowed",1999-03-15,1141,2,0,0,1,0,0
"243","08588571",1996-02-01,"Allowed",1998-09-29,971,4,0,0,1,0,1
"244","08598483",1996-03-05,"Allowed",1997-12-09,644,2,0,0,1,1,0
"245","08605595",1996-03-05,"Unknown or Pending",NA,NA,2,0,0,1,1,0
"246","08609584",1996-03-13,"Allowed",1997-08-01,506,1,0,0,1,0,0
"247","08612289",1996-03-14,"Allowed",1998-02-25,713,1,0,0,1,1,1
"248","08628992",1996-04-25,"Allowed",1997-11-03,557,2,0,0,1,1,0
"249","08641715",1996-05-10,"Allowed",1998-08-11,823,2,0,1,1,0,0
"250","08643100",1996-05-16,"Allowed",1997-12-08,571,1,0,1,1,0,1
"251","08648041",1996-05-30,"Allowed",1997-12-11,560,1,0,0,1,1,1
"252","08651657",1996-06-03,"Allowed",1998-03-31,666,2,0,0,1,1,1
"253","08655869",1996-06-11,"Allowed",1997-07-17,401,1,0,0,1,0,1
"254","08656925",1996-06-13,"Allowed",1997-08-13,426,2,0,1,1,0,0
"255","08658999",1996-06-17,"Allowed",1999-11-18,1249,4,0,1,1,1,1
"256","08686538",1996-08-01,"Allowed",1998-10-01,791,2,0,0,1,0,1
"257","08701494",1996-09-09,"Allowed",1998-05-01,599,2,0,0,1,1,0
"258","08708743",1996-09-23,"Allowed",1998-02-02,497,1,0,0,1,0,1
"259","08714325",1996-10-02,"Allowed",1998-08-18,685,1,0,0,1,0,0
"260","08714710",1996-10-02,"Allowed",1999-06-17,988,0,0,0,1,1,0
"261","08726278",1996-10-21,"Allowed",2000-09-26,1436,3,0,4,1,1,0
"262","08726732",1996-10-18,"Allowed",1997-09-16,333,1,0,0,1,0,1
"263","08746249",1996-11-26,"Allowed",1999-01-04,769,2,0,0,1,1,0
"264","08753702",1996-12-16,"Allowed",1999-01-19,764,2,0,0,1,0,1
"265","08763208",1996-12-30,"Allowed",1997-03-17,77,0,0,0,1,1,0
"266","08769356",1997-01-14,"Allowed",2000-04-25,1197,2,0,0,1,1,1
"267","08790858",1997-02-26,"Allowed",1997-09-25,211,0,0,0,1,0,1
"268","08793177",1997-03-24,"Allowed",1997-11-26,247,1,0,0,1,1,1
"269","08804743",1997-03-26,"Allowed",1999-05-24,789,2,0,0,1,0,0
"270","08808467",1997-03-23,"Allowed",1997-11-19,241,0,0,0,1,1,0
"271","08808854",1997-04-01,"Allowed",1998-07-06,461,1,0,0,1,0,1
"272","08817716",1997-05-21,"Allowed",1998-01-02,226,1,0,0,1,1,1
"273","08824735",1997-04-30,"Allowed",1998-08-17,474,1,0,0,1,0,1
"274","08828545",1997-04-30,"Abandoned",NA,NA,2,0,1,1,1,0
"275","08858087",1997-06-24,"Allowed",2003-05-19,2155,5,2,0,1,1,0
"276","08867195",1997-07-11,"Allowed",1999-03-29,626,0,0,0,1,0,1
"277","08897358",1997-08-21,"Abandoned",NA,NA,2,0,1,1,1,0
"278","08901472",1997-08-21,"Abandoned",NA,NA,1,0,0,1,1,1
"279","08905597",1997-08-28,"Allowed",1998-12-01,460,1,0,0,1,1,0
"280","08918968",1997-09-15,"Allowed",1999-07-06,659,1,0,0,1,0,1
"281","08923965",1997-09-23,"Allowed",1999-08-13,689,2,0,0,1,0,0
"282","08926818",1997-09-24,"Allowed",1999-11-04,771,2,0,0,1,0,1
"283","08942785",1997-10-23,"Allowed",1998-10-08,350,1,0,0,1,0,0
"284","08951255",1997-11-07,"Allowed",1999-09-08,670,1,0,0,1,1,0
"285","08959063",1997-11-21,"Allowed",1999-01-06,411,1,0,1,1,0,0
"286","08996349",1998-01-31,"Allowed",1999-09-27,604,1,0,0,1,1,0
"287","08998263",1998-02-03,"Allowed",2001-07-17,1260,3,0,1,1,1,0
"288","08999199",1998-02-03,"Allowed",2001-01-30,1092,2,0,0,1,0,0
"289","09000793",1998-02-03,"Allowed",1999-07-15,527,0,0,1,1,0,1
"290","09010816",1998-02-11,"Allowed",1998-07-29,168,0,0,0,1,0,0
"291","09024838",1998-02-24,"Allowed",2000-03-23,758,1,0,0,1,0,0
"292","09080289",1998-05-19,"Allowed",1999-11-30,560,0,0,0,1,0,1
"293","09082027",1998-05-26,"Allowed",2000-08-25,822,1,0,2,1,1,0
"294","09096747",1998-06-17,"Allowed",1999-09-13,453,2,0,0,1,1,1
"295","09100799",1998-06-25,"Allowed",2006-01-30,2776,8,2,1,1,0,1
"296","09101185",1998-07-09,"Allowed",2001-04-16,1012,1,0,0,1,1,1
"297","09113994",1998-07-15,"Allowed",1999-11-08,481,1,0,0,1,1,1
"298","09126767",1998-08-03,"Allowed",1999-09-13,406,1,0,1,1,0,1
"299","09141517",1998-09-01,"Allowed",2000-10-10,770,1,0,0,1,0,1
"300","09156908",1998-09-24,"Allowed",2000-05-23,607,1,0,0,1,0,1
"301","09182352",1998-11-03,"Allowed",2000-08-14,650,2,0,0,1,1,0
"302","09194017",1998-11-19,"Allowed",2000-08-18,638,2,0,0,1,1,1
"303","09208908",1998-12-15,"Abandoned",NA,NA,4,0,0,1,0,0
"304","09209793",1998-12-16,"Allowed",1999-10-26,314,0,0,0,1,0,0
"305","09217515",1998-12-30,"Allowed",2000-09-07,617,1,0,0,1,0,0
"306","09219083",1999-01-04,"Allowed",1999-09-03,242,0,0,1,1,1,0
"307","09233729",1999-01-26,"Allowed",2000-05-08,468,1,0,0,1,0,0
"308","09249923",1999-02-19,"Allowed",2002-08-12,1270,0,0,0,1,1,0
"309","09262231",1999-03-12,"Allowed",2000-01-14,308,1,0,0,1,0,0
"310","09271555",1999-03-24,"Allowed",2000-08-23,518,1,0,0,1,0,0
"311","09272910",1999-03-25,"Allowed",2001-10-19,939,0,0,0,1,0,1
"312","09293536",1999-04-21,"Allowed",2005-08-05,2298,0,0,0,1,1,0
"313","09307545",1999-05-13,"Abandoned",NA,NA,4,0,0,1,1,0
"314","09307903",1999-05-18,"Allowed",2000-12-29,591,1,0,0,1,0,0
"315","09310295",1999-05-20,"Allowed",2001-10-05,869,2,0,0,1,1,0
"316","09313175",1999-05-24,"Allowed",1999-10-01,130,1,0,0,1,1,1
"317","09318268",1999-06-02,"Allowed",2005-04-08,2137,4,2,0,1,1,1
"318","09318541",1999-06-02,"Allowed",2001-07-17,776,3,0,0,1,0,0
"319","09337804",1999-07-06,"Allowed",2001-05-18,682,1,0,0,1,0,0
"320","09346436",1999-07-12,"Abandoned",2004-11-23,1961,5,1,0,1,1,0
"321","09362501",1999-08-03,"Allowed",2000-10-23,447,0,0,0,1,0,1
"322","09364648",1999-08-05,"Allowed",2003-02-11,1286,2,1,1,1,1,0
"323","09407248",1999-10-04,"Allowed",2002-08-09,1040,1,0,0,1,0,0
"324","09422830",1999-10-27,"Allowed",2001-12-07,772,1,0,0,1,0,0
"325","09423583",1999-11-09,"Allowed",2002-02-27,841,1,0,0,1,1,1
"326","09428575",1999-11-05,"Allowed",1999-12-07,32,0,0,0,1,1,0
"327","09459750",1999-12-16,"Allowed",2000-07-17,214,1,0,0,1,1,0
"328","09462861",2000-01-14,"Allowed",2001-05-16,488,1,0,0,1,1,1
"329","09463817",2000-03-14,"Allowed",2001-11-06,602,1,0,0,1,1,1
"330","09485528",2000-04-04,"Allowed",2002-09-12,891,2,0,0,1,1,1
"331","09486500",2000-02-29,"Allowed",2001-02-06,343,1,0,0,1,1,1
"332","09504157",2000-02-18,"Allowed",2001-09-20,580,1,0,0,1,1,0
"333","09511998",2000-02-24,"Allowed",2001-11-29,644,1,0,0,1,0,1
"334","09523070",2000-03-10,"Allowed",2002-05-07,788,1,0,0,1,1,0
"335","09525294",2000-03-14,"Abandoned",NA,NA,2,0,1,1,1,0
"336","09537432",2000-03-27,"Allowed",2003-03-31,1099,4,1,0,1,0,1
"337","09557199",2000-04-21,"Allowed",2001-05-14,388,1,0,0,1,0,0
"338","09563296",2000-05-03,"Allowed",2001-01-16,258,0,0,0,1,0,1
"339","09575822",2000-05-22,"Allowed",2001-02-26,280,0,0,0,1,0,1
"340","09601099",2000-07-25,"Allowed",2001-06-18,328,1,0,1,1,1,0
"341","09612217",2000-07-07,"Allowed",2002-06-04,697,1,0,0,1,0,1
"342","09633548",2000-08-07,"Abandoned",NA,NA,1,0,0,1,1,0
"343","09648994",2000-08-28,"Allowed",2002-09-23,756,1,0,1,1,0,0
"344","09652530",2000-08-31,"Allowed",2003-01-09,861,1,0,1,1,1,0
"345","09672475",2000-09-28,"Allowed",2008-03-03,2713,3,0,0,1,1,0
"346","09677692",2000-09-29,"Allowed",2002-03-19,536,0,0,1,1,0,0
"347","09679033",2000-10-04,"Allowed",2001-08-13,313,1,0,0,1,1,0
"348","09708776",2000-11-08,"Allowed",2006-07-13,2073,4,0,1,1,1,0
"349","09725586",2000-11-29,"Allowed",2004-02-26,1184,1,0,1,1,1,0
"350","09739443",2000-12-18,"Allowed",2002-06-03,532,1,0,0,1,0,0
"351","09739992",2000-12-20,"Abandoned",NA,NA,1,0,0,1,1,0
"352","09746140",2000-12-21,"Allowed",2002-08-14,601,0,0,0,1,1,0
"353","09763246",2001-02-20,"Allowed",2011-10-06,3880,13,6,2,1,1,1
"354","09770998",2001-01-25,"Allowed",2005-08-08,1656,4,1,1,1,1,0
"355","09779085",2001-02-08,"Allowed",2002-09-24,593,1,0,0,1,1,0
"356","09782177",2001-02-12,"Allowed",2005-01-13,1431,3,1,0,1,1,0
"357","09785656",2001-02-16,"Abandoned",NA,NA,1,0,0,1,1,0
"358","09787494",2001-06-11,"Abandoned",NA,NA,2,0,0,1,1,0
"359","09800848",2001-03-06,"Allowed",2003-03-19,743,1,0,0,1,0,0
"360","09813363",2001-03-20,"Allowed",2002-05-07,413,0,0,0,1,1,0
"361","09816740",2001-03-22,"Allowed",2002-06-04,439,1,0,2,1,1,1
"362","09820841",2001-03-30,"Allowed",2003-10-07,921,1,0,0,1,0,1
"363","09839675",2001-04-23,"Allowed",2002-11-21,577,1,0,0,1,0,1
"364","09844051",2001-04-27,"Allowed",2005-04-13,1447,5,2,1,1,1,0
"365","09854635",2001-05-15,"Allowed",2005-04-07,1423,4,1,0,1,1,0
"366","09862730",2001-05-22,"Abandoned",NA,NA,2,0,0,1,1,0
"367","09864150",2001-05-25,"Allowed",2002-09-26,489,1,0,0,1,0,0
"368","09872506",2001-06-01,"Abandoned",NA,NA,1,0,1,1,1,0
"369","09873190",2001-06-05,"Abandoned",2003-04-07,671,2,0,0,1,1,1
"370","09884737",2001-06-19,"Allowed",2002-08-26,433,1,0,0,1,1,1
"371","09913343",2001-08-10,"Abandoned",NA,NA,1,0,0,1,1,1
"372","09915259",2001-07-27,"Allowed",2003-02-26,579,0,0,0,1,0,1
"373","09927369",2001-08-13,"Allowed",2002-10-18,431,2,0,1,1,1,1
"374","09949775",2001-09-10,"Abandoned",NA,NA,1,0,0,1,0,0
"375","09950120",2001-09-10,"Abandoned",NA,NA,6,0,0,1,0,0
"376","09950938",2001-09-12,"Abandoned",NA,NA,2,0,0,1,0,0
"377","09958514",2001-10-09,"Allowed",2003-09-16,707,1,0,0,1,1,1
"378","09970680",2001-10-05,"Abandoned",NA,NA,2,0,0,1,0,1
"379","09973052",2001-10-10,"Allowed",2003-04-09,546,2,0,0,1,1,1
"380","09974278",2001-10-11,"Allowed",2003-02-07,484,0,0,0,1,0,0
"381","10028229",2001-10-22,"Allowed",2003-08-27,674,1,0,0,1,1,0
"382","10032376",2001-12-21,"Allowed",2005-12-29,1469,2,0,0,1,1,0
"383","10035988",2001-12-24,"Abandoned",NA,NA,1,0,1,1,1,0
"384","10038004",2002-01-02,"Unknown or Pending",NA,NA,5,1,0,1,1,0
"385","10066287",2002-02-05,"Abandoned",NA,NA,2,0,0,1,1,1
"386","10070958",2002-03-12,"Allowed",2003-01-17,311,1,0,0,1,1,0
"387","10072634",2002-02-08,"Allowed",2005-01-14,1071,1,0,3,1,1,0
"388","10079585",2002-02-22,"Abandoned",NA,NA,1,0,0,1,1,0
"389","10083605",2002-02-27,"Allowed",2004-04-07,770,3,1,1,1,0,1
"390","10090151",2002-03-05,"Allowed",2004-01-20,686,2,0,0,1,0,1
"391","10092187",2002-03-05,"Allowed",2003-11-28,633,2,0,0,1,1,1
"392","10097727",2002-03-15,"Abandoned",NA,NA,4,1,1,1,1,0
"393","10107464",2002-03-27,"Allowed",2003-08-26,517,1,0,0,1,0,1
"394","10119605",2002-04-10,"Abandoned",NA,NA,4,1,0,1,0,0
"395","10128052",2002-04-22,"Allowed",2003-03-25,337,0,0,0,1,1,0
"396","10131185",2002-04-25,"Allowed",2006-10-24,1643,4,2,1,1,1,0
"397","10139443",2002-05-06,"Allowed",2003-09-26,508,0,0,0,1,1,1
"398","10142281",2002-05-08,"Allowed",2004-10-08,884,1,0,0,1,1,1
"399","10144457",2002-05-13,"Allowed",2004-03-05,662,1,0,0,1,1,0
"400","10184366",2002-06-25,"Allowed",2004-03-22,636,0,0,0,1,0,1
"401","10212646",2002-08-02,"Abandoned",NA,NA,1,0,0,1,0,0
"402","10216397",2002-08-12,"Allowed",2006-02-28,1296,4,1,0,1,1,0
"403","10220605",2002-09-03,"Allowed",2004-04-23,598,1,0,0,1,1,0
"404","10232372",2002-09-03,"Allowed",2005-09-23,1116,3,0,0,1,1,0
"405","10234275",2002-09-04,"Allowed",2004-07-15,680,2,0,0,1,1,0
"406","10235946",2002-09-06,"Allowed",2004-06-07,640,2,0,0,1,0,1
"407","10236646",2002-09-06,"Allowed",2003-06-18,285,1,0,0,1,1,0
"408","10247085",2002-09-19,"Allowed",2005-07-14,1029,3,1,0,1,1,0
"409","10248915",2003-02-28,"Allowed",2004-03-11,377,1,0,0,1,1,0
"410","10253077",2002-09-24,"Allowed",2003-10-06,377,0,0,0,1,0,1
"411","10279707",2002-10-23,"Allowed",2004-01-20,454,0,0,0,1,1,0
"412","10280402",2002-10-25,"Allowed",2004-06-30,614,1,0,0,1,0,0
"413","10282441",2002-10-29,"Allowed",2008-11-26,2220,6,2,4,1,1,0
"414","10305797",2002-11-26,"Allowed",2007-06-06,1653,2,0,0,1,0,0
"415","10315333",2002-12-10,"Allowed",2004-05-10,517,1,0,0,1,1,0
"416","10317389",2002-12-11,"Allowed",2006-03-02,1177,2,1,0,1,1,0
"417","10329580",2002-12-27,"Allowed",2004-11-05,679,2,0,1,1,0,1
"418","10335072",2002-12-30,"Allowed",2005-10-03,1008,0,0,0,1,1,0
"419","10347651",2003-01-21,"Allowed",2004-06-25,521,1,0,0,1,1,1
"420","10362613",2003-02-24,"Abandoned",NA,NA,1,0,0,1,1,1
"421","10362787",2003-02-25,"Abandoned",NA,NA,1,0,0,1,1,1
"422","10366481",2003-02-14,"Allowed",2003-10-24,252,0,0,0,1,1,1
"423","10378686",2003-03-05,"Allowed",2005-08-23,902,7,2,1,1,1,1
"424","10379821",2003-03-06,"Allowed",2003-12-05,274,0,0,0,1,0,0
"425","10407024",2003-04-03,"Allowed",2004-08-12,497,0,0,0,1,0,0
"426","10414122",2003-04-15,"Allowed",2005-07-06,813,2,0,0,1,0,0
"427","10423330",2003-04-25,"Allowed",2004-03-31,341,0,0,0,1,1,0
"428","10424977",2003-04-29,"Abandoned",NA,NA,1,0,0,1,0,1
"429","10438850",2003-05-16,"Abandoned",NA,NA,1,0,0,1,1,0
"430","10444878",2003-05-23,"Allowed",2006-04-07,1050,2,1,2,1,1,0
"431","10452438",2003-06-02,"Allowed",2006-01-23,966,1,0,0,1,1,0
"432","10460724",2003-06-12,"Allowed",2006-10-31,1237,3,0,0,1,0,0
"433","10473699",2003-09-29,"Abandoned",NA,NA,1,0,0,1,1,0
"434","10475007",2003-10-16,"Abandoned",NA,NA,5,2,0,1,1,1
"435","10506424",2004-09-02,"Allowed",2010-08-02,2160,5,2,2,1,1,1
"436","10517556",2004-12-08,"Unknown or Pending",NA,NA,4,1,0,1,1,1
"437","10520167",2005-01-04,"Abandoned",NA,NA,4,1,0,1,1,1
"438","10538288",2005-06-10,"Allowed",2007-12-17,920,3,0,0,1,1,1
"439","10581743",2006-06-06,"Unknown or Pending",NA,NA,0,0,0,1,1,1
"440","10586636",2006-07-19,"Abandoned",NA,NA,2,0,0,1,1,1
"441","10590837",2006-08-24,"Allowed",2008-03-20,574,2,0,0,1,1,1
"442","10601356",2003-06-23,"Abandoned",NA,NA,0,0,0,1,1,1
"443","10609249",2003-06-26,"Allowed",2004-09-17,449,1,0,0,1,1,1
"444","10609355",2003-06-27,"Abandoned",NA,NA,1,0,0,1,0,1
"445","10616233",2003-07-10,"Abandoned",NA,NA,1,0,0,1,1,0
"446","10623984",2003-07-21,"Abandoned",NA,NA,1,0,0,1,0,1
"447","10664441",2003-09-18,"Allowed",2004-04-22,217,0,0,0,1,0,1
"448","10677772",2003-10-01,"Allowed",2009-04-30,2038,7,2,1,1,1,0
"449","10687170",2003-10-17,"Allowed",2006-09-15,1064,4,0,0,1,0,0
"450","10698476",2003-11-03,"Abandoned",NA,NA,2,0,0,1,0,0
"451","10713406",2003-11-14,"Allowed",2006-11-20,1102,1,0,0,1,0,0
"452","10720950",2003-11-24,"Allowed",2004-10-05,316,1,0,0,1,0,1
"453","10723264",2003-11-26,"Allowed",2010-03-22,2308,4,1,0,1,0,0
"454","10742931",2003-12-23,"Allowed",2007-05-25,1249,2,0,0,1,0,1
"455","10748648",2003-12-30,"Allowed",2007-02-07,1135,3,0,0,1,0,0
"456","10754936",2004-01-12,"Allowed",2005-11-22,680,1,0,1,1,0,0
"457","10758828",2004-01-15,"Allowed",2008-02-25,1502,3,0,1,1,1,0
"458","10759991",2004-01-16,"Abandoned",NA,NA,2,0,0,1,0,1
"459","10779155",2004-02-16,"Allowed",2005-10-26,618,2,0,0,1,1,0
"460","10781577",2004-02-18,"Allowed",2006-08-25,919,4,0,0,1,1,0
"461","10792423",2004-03-03,"Abandoned",NA,NA,1,0,0,1,1,0
"462","10800406",2004-03-12,"Allowed",2007-11-01,1329,1,0,1,1,1,0
"463","10821390",2004-04-09,"Unknown or Pending",NA,NA,6,0,0,1,1,0
"464","10824506",2004-04-15,"Allowed",2007-04-23,1103,2,0,0,1,0,1
"465","10855345",2004-05-28,"Allowed",2008-01-04,1316,5,2,0,1,0,1
"466","10860705",2004-06-02,"Allowed",2007-09-10,1195,1,0,0,1,1,0
"467","10881955",2004-06-29,"Abandoned",NA,NA,5,1,0,1,1,0
"468","10885089",2004-07-07,"Allowed",2006-06-09,702,0,0,0,1,0,0
"469","10886120",2004-07-08,"Abandoned",NA,NA,2,0,0,1,0,1
"470","10890254",2004-07-14,"Allowed",2006-10-10,818,2,0,0,1,0,1
"471","10890671",2004-07-14,"Allowed",2008-09-25,1534,4,0,1,1,0,0
"472","10901127",2004-07-29,"Allowed",2006-03-30,609,1,0,0,1,1,1
"473","10908769",2005-05-25,"Abandoned",NA,NA,1,0,0,1,0,0
"474","10919706",2004-08-17,"Allowed",2006-10-17,791,0,0,0,1,1,0
"475","10944751",2004-09-21,"Abandoned",NA,NA,4,1,2,1,0,1
"476","10948212",2004-09-24,"Abandoned",NA,NA,9,2,2,1,1,0
"477","10963054",2004-10-12,"Allowed",2007-03-05,874,1,0,0,1,1,0
"478","10977012",2004-11-01,"Allowed",2008-01-22,1177,3,1,0,1,1,1
"479","10984442",2004-11-08,"Allowed",2006-08-21,651,1,0,0,1,1,0
"480","10991369",2004-11-19,"Abandoned",NA,NA,3,0,0,1,0,1
"481","10998080",2004-11-26,"Allowed",2011-08-04,2442,6,3,0,1,1,0
"482","10998574",2004-11-30,"Allowed",2006-11-06,706,1,0,0,1,0,1
"483","11000330",2004-11-29,"Abandoned",NA,NA,2,0,0,1,1,0
"484","11033527",2005-01-12,"Abandoned",NA,NA,2,0,0,1,1,0
"485","11033544",2005-01-12,"Allowed",2009-04-07,1546,2,0,0,1,0,1
"486","11034033",2005-01-12,"Abandoned",NA,NA,2,0,0,1,1,0
"487","11044605",2005-01-27,"Allowed",2008-06-13,1233,0,0,0,1,1,0
"488","11063970",2005-02-24,"Abandoned",NA,NA,4,1,1,1,0,1
"489","11074552",2005-03-08,"Abandoned",NA,NA,9,3,1,1,0,0
"490","11081972",2005-03-16,"Allowed",2006-08-31,533,0,0,0,1,0,0
"491","11093960",2005-03-30,"Abandoned",NA,NA,2,0,0,1,0,0
"492","11112863",2005-04-22,"Allowed",2008-09-15,1242,3,0,0,1,1,0
"493","11121115",2005-05-04,"Allowed",2008-12-22,1328,3,1,2,1,1,0
"494","11134772",2005-05-19,"Abandoned",NA,NA,2,0,0,1,0,0
"495","11136494",2005-05-25,"Allowed",2007-01-18,603,2,0,0,1,0,1
"496","11168557",2005-06-29,"Allowed",2009-05-15,1416,2,1,1,1,1,1
"497","11169401",2005-06-28,"Abandoned",NA,NA,3,0,0,1,0,0
"498","11181742",2005-07-15,"Abandoned",NA,NA,5,0,0,1,0,0
"499","11194919",2005-07-29,"Unknown or Pending",NA,NA,5,1,0,1,0,1
"500","11202453",2005-08-11,"Allowed",2008-10-30,1176,2,1,1,1,0,0
"501","11215168",2005-08-30,"Allowed",2009-03-25,1303,1,0,1,1,1,0
"502","11233130",2005-09-23,"Abandoned",NA,NA,1,0,0,1,0,1
"503","11266224",2005-11-04,"Allowed",2008-01-02,789,1,0,0,1,1,0
"504","11266328",2005-11-04,"Abandoned",NA,NA,3,0,0,1,0,1
"505","11271571",2005-11-11,"Allowed",2009-12-30,1510,1,0,1,1,1,0
"506","11274681",2005-11-15,"Allowed",2008-05-28,925,2,0,1,1,1,0
"507","11277025",2006-03-20,"Abandoned",NA,NA,1,0,0,1,1,0
"508","11290859",2005-11-30,"Allowed",2012-07-27,2431,6,2,0,1,1,0
"509","11296801",2005-12-06,"Abandoned",NA,NA,1,0,0,1,0,1
"510","11297442",2005-12-09,"Allowed",2008-09-15,1011,0,0,0,1,1,0
"511","11305495",2005-12-15,"Abandoned",NA,NA,1,0,1,1,1,1
"512","11307744",2006-02-20,"Allowed",2009-08-04,1261,2,1,1,1,1,0
"513","11323636",2005-12-30,"Abandoned",NA,NA,1,0,0,1,0,0
"514","11324638",2006-01-03,"Allowed",2011-03-31,1913,5,1,0,1,0,0
"515","11349092",2006-02-08,"Allowed",2007-12-21,681,2,1,0,1,1,1
"516","11351010",2006-02-09,"Allowed",2007-08-09,546,1,0,0,1,0,0
"517","11356005",2006-02-17,"Allowed",2007-09-20,580,0,0,0,1,0,1
"518","11356032",2006-02-17,"Allowed",2010-02-08,1452,3,1,0,1,0,1
"519","11362589",2006-02-24,"Allowed",2006-11-28,277,1,0,0,1,0,0
"520","11374007",2006-03-14,"Allowed",2008-10-30,961,1,0,0,1,0,1
"521","11395832",2006-03-31,"Allowed",2010-04-30,1491,1,0,1,1,0,0
"522","11400493",2006-04-07,"Unknown or Pending",NA,NA,4,1,1,1,0,0
"523","11411854",2006-04-27,"Allowed",2007-08-29,489,1,0,0,1,1,1
"524","11412974",2006-04-28,"Allowed",2008-02-14,657,0,0,0,1,1,0
"525","11419436",2006-05-19,"Allowed",2007-08-06,444,2,0,0,1,0,0
"526","11429644",2006-05-05,"Allowed",2008-11-13,923,1,0,0,1,1,0
"527","11438632",2006-05-22,"Allowed",2007-07-03,407,0,0,0,1,0,0
"528","11440136",2006-05-25,"Abandoned",NA,NA,1,0,0,1,1,0
"529","11462047",2006-08-03,"Allowed",2010-07-16,1443,5,2,3,1,0,0
"530","11474974",2006-06-27,"Abandoned",NA,NA,2,0,1,1,1,1
"531","11478301",2006-06-30,"Unknown or Pending",NA,NA,6,0,0,1,1,0
"532","11488210",2006-07-18,"Abandoned",NA,NA,2,0,1,1,1,0
"533","11494572",2006-07-28,"Abandoned",NA,NA,2,0,0,1,1,0
"534","11507637",2006-08-21,"Allowed",2009-05-18,1001,2,1,4,1,0,0
"535","11511015",2006-08-28,"Allowed",2007-09-07,375,1,0,0,1,1,0
"536","11516367",2006-09-06,"Allowed",2007-07-16,313,0,0,0,1,0,1
"537","11521736",2006-09-14,"Abandoned",NA,NA,1,0,0,1,1,0
"538","11523963",2006-09-20,"Abandoned",NA,NA,1,0,0,1,1,0
"539","11529661",2006-09-29,"Allowed",2009-08-14,1050,1,0,0,1,0,1
"540","11537062",2006-09-29,"Allowed",2008-12-04,797,1,0,0,1,1,0
"541","11542871",2006-10-04,"Abandoned",NA,NA,1,0,0,1,0,1
"542","11551213",2006-10-19,"Unknown or Pending",NA,NA,2,1,0,1,0,1
"543","11558970",2006-11-13,"Abandoned",NA,NA,2,0,0,1,1,0
"544","11576185",2007-03-28,"Abandoned",NA,NA,1,0,0,1,1,0
"545","11578079",2006-10-12,"Allowed",2011-05-05,1666,2,1,0,1,1,1
"546","11588417",2006-10-27,"Abandoned",NA,NA,2,0,0,1,1,0
"547","11607722",2006-12-01,"Allowed",2008-07-25,602,1,0,0,1,0,0
"548","11607781",2006-12-02,"Unknown or Pending",NA,NA,0,0,0,1,1,0
"549","11614584",2006-12-21,"Unknown or Pending",NA,NA,2,0,0,1,0,0
"550","11616986",2006-12-28,"Allowed",2010-07-01,1281,3,1,1,1,0,0
"551","11626589",2007-01-24,"Allowed",2009-11-30,1041,1,0,0,1,1,1
"552","11627216",2007-01-25,"Allowed",2010-03-22,1152,1,0,0,1,1,0
"553","11638526",2006-12-14,"Allowed",2009-06-29,928,1,0,0,1,0,1
"554","11649289",2007-01-04,"Abandoned",NA,NA,0,0,0,1,1,1
"555","11677087",2007-02-21,"Allowed",2009-09-09,931,3,1,1,1,0,1
"556","11677268",2007-02-21,"Allowed",2009-03-10,748,3,0,0,1,1,0
"557","11718190",2007-04-27,"Allowed",2009-11-09,927,1,0,0,1,1,1
"558","11724678",2007-03-16,"Abandoned",NA,NA,2,0,0,1,0,0
"559","11732514",2007-04-04,"Unknown or Pending",NA,NA,5,2,3,1,1,0
"560","11762541",2007-06-13,"Abandoned",NA,NA,2,0,0,1,0,0
"561","11776562",2007-07-12,"Allowed",2010-12-15,1252,4,1,1,1,1,0
"562","11784865",2007-04-11,"Abandoned",NA,NA,1,0,0,1,0,1
"563","11789481",2007-04-26,"Abandoned",NA,NA,2,0,0,1,0,0
"564","11790273",2007-04-24,"Abandoned",NA,NA,2,0,0,1,1,1
"565","11796499",2007-04-30,"Unknown or Pending",NA,NA,2,1,0,1,1,0
"566","11798745",2007-05-16,"Allowed",2009-06-08,754,0,0,0,1,0,1
"567","11802189",2007-05-21,"Abandoned",NA,NA,3,1,0,1,1,1
"568","11802762",2007-05-24,"Allowed",2008-08-05,439,1,0,0,1,1,1
"569","11810271",2007-06-06,"Allowed",2008-07-08,398,1,0,1,1,0,1
"570","11834338",2007-08-06,"Allowed",2011-07-08,1432,4,1,0,1,0,0
"571","11837805",2007-08-13,"Unknown or Pending",NA,NA,2,1,1,1,1,0
"572","11863721",2007-09-28,"Abandoned",NA,NA,2,0,0,1,0,1
"573","11868155",2007-10-05,"Unknown or Pending",NA,NA,4,0,0,1,1,0
"574","11869578",2007-10-09,"Abandoned",NA,NA,2,0,0,1,1,0
"575","11883756",2007-08-06,"Abandoned",2011-05-27,1390,2,0,0,1,1,1
"576","11889111",2007-08-09,"Allowed",2010-09-02,1120,3,0,0,1,1,1
"577","11893664",2007-08-20,"Abandoned",NA,NA,1,0,0,1,0,0
"578","11899129",2007-09-05,"Allowed",2010-04-02,940,0,0,0,1,0,0
"579","11906657",2007-10-04,"Unknown or Pending",NA,NA,1,0,0,1,0,1
"580","11909183",2007-09-20,"Unknown or Pending",NA,NA,2,1,0,1,1,1
"581","11936942",2007-11-08,"Unknown or Pending",NA,NA,2,0,0,1,1,0
"582","11946093",2007-11-28,"Abandoned",NA,NA,1,0,0,1,0,1
"583","11946526",2007-11-28,"Allowed",2010-12-14,1112,2,1,0,1,1,1
"584","11953008",2007-12-07,"Allowed",2010-06-28,934,2,0,2,1,1,0
"585","11961545",2007-12-20,"Allowed",2011-12-27,1468,2,0,0,1,0,1
"586","11963994",2007-12-24,"Allowed",2011-06-27,1281,2,0,0,1,1,0
"587","11975846",2007-10-23,"Allowed",2010-03-24,883,0,0,0,1,1,0
"588","11984962",2007-11-26,"Unknown or Pending",NA,NA,5,2,0,1,0,1
"589","12007583",2008-01-11,"Unknown or Pending",NA,NA,0,0,0,1,0,1
"590","12009075",2008-01-17,"Allowed",2010-07-09,904,0,0,0,1,1,1
"591","12010054",2008-01-18,"Allowed",2010-07-02,896,1,0,0,1,1,1
"592","12018049",2008-01-22,"Unknown or Pending",NA,NA,0,0,0,1,1,0
"593","12028769",2008-02-08,"Allowed",2009-04-28,445,2,0,0,1,0,0
"594","12029141",2008-02-11,"Abandoned",NA,NA,2,1,1,1,1,0
"595","12037423",2008-02-26,"Unknown or Pending",NA,NA,0,0,0,1,1,0
"596","12039739",2008-02-29,"Abandoned",NA,NA,3,0,0,1,0,0
"597","12054914",2008-03-25,"Allowed",2010-09-16,905,2,1,0,1,1,1
"598","12058254",2008-03-28,"Allowed",2010-08-06,861,1,1,0,1,0,0
"599","12060337",2008-04-01,"Unknown or Pending",NA,NA,3,1,0,1,0,0
"600","12066208",2008-03-07,"Unknown or Pending",NA,NA,0,0,0,1,1,1
"601","12079069",2008-03-25,"Allowed",2011-12-16,1361,4,1,0,1,1,1
"602","12102817",2008-04-14,"Unknown or Pending",NA,NA,0,0,0,1,1,0
"603","12112212",2008-04-30,"Unknown or Pending",NA,NA,1,0,0,1,0,0
"604","12118072",2008-05-09,"Unknown or Pending",NA,NA,2,0,0,1,1,1
"605","12126843",2008-05-23,"Allowed",2009-05-20,362,1,0,1,1,1,0
"606","12131601",2008-06-02,"Allowed",2010-08-20,809,1,0,1,1,0,1
"607","12135003",2008-06-06,"Unknown or Pending",NA,NA,1,0,0,1,1,0
"608","12141166",2008-06-18,"Unknown or Pending",NA,NA,0,0,0,1,1,0
"609","12145452",2008-06-24,"Abandoned",NA,NA,1,0,0,1,1,0
"610","12160810",2008-07-14,"Allowed",2011-09-07,1150,1,0,0,1,1,1
"611","12167493",2008-07-03,"Abandoned",NA,NA,1,0,0,1,1,0
"612","12186510",2008-08-05,"Allowed",2010-02-19,563,0,0,0,1,1,0
"613","12188227",2008-08-08,"Unknown or Pending",NA,NA,7,3,0,1,0,0
"614","12199209",2008-08-27,"Allowed",2012-03-26,1307,1,0,0,1,0,1
"615","12203276",2008-09-03,"Unknown or Pending",NA,NA,0,0,0,1,0,0
"616","12205838",2008-09-05,"Unknown or Pending",NA,NA,0,0,0,1,1,0
"617","12209915",2008-09-12,"Unknown or Pending",NA,NA,2,0,1,1,1,1
"618","12210734",2008-09-15,"Unknown or Pending",NA,NA,1,0,0,1,1,0
"619","12211947",2008-09-17,"Unknown or Pending",NA,NA,2,0,0,1,0,1
"620","12212088",2008-09-17,"Unknown or Pending",NA,NA,0,0,0,1,0,0
"621","12212928",2008-09-18,"Allowed",2010-07-23,673,1,0,0,1,0,0
"622","12214744",2008-06-23,"Unknown or Pending",NA,NA,0,0,0,1,0,1
"623","12217022",2008-07-02,"Unknown or Pending",NA,NA,3,0,0,1,1,0
"624","12220139",2008-07-23,"Abandoned",NA,NA,2,0,0,1,0,0
"625","12221597",2008-08-06,"Allowed",2011-02-25,933,3,1,0,1,1,0
"626","12222927",2008-08-20,"Abandoned",NA,NA,1,0,0,1,0,0
"627","12318403",2008-12-29,"Unknown or Pending",NA,NA,0,0,0,1,1,0
"628","12323490",2008-11-26,"Abandoned",NA,NA,1,0,0,1,0,1
"629","12323718",2008-11-26,"Unknown or Pending",NA,NA,0,0,0,1,0,0
"630","12324478",2008-11-26,"Unknown or Pending",NA,NA,1,0,0,1,1,0
"631","12337642",2008-12-18,"Unknown or Pending",NA,NA,2,1,0,1,1,0
"632","12337661",2008-12-18,"Allowed",2011-05-19,882,1,0,0,1,0,1
"633","12362314",2009-01-29,"Unknown or Pending",NA,NA,1,0,1,1,0,0
"634","12387074",2009-04-29,"Allowed",2011-10-11,895,1,0,0,1,0,0
"635","12395466",2009-02-27,"Unknown or Pending",NA,NA,2,1,0,1,1,0
"636","12411391",2009-03-25,"Unknown or Pending",NA,NA,0,0,0,1,0,0
"637","12448028",2009-06-04,"Unknown or Pending",NA,NA,1,0,0,1,1,0
"638","12449404",2009-08-05,"Unknown or Pending",NA,NA,0,0,0,1,1,0
"639","12459199",2009-06-29,"Unknown or Pending",NA,NA,1,0,0,1,0,0
"640","12474384",2009-05-29,"Unknown or Pending",NA,NA,1,0,0,1,1,0
"641","12475687",2009-06-01,"Allowed",2010-03-22,294,0,0,0,1,1,0
"642","12481121",2009-06-09,"Unknown or Pending",NA,NA,2,0,0,1,0,0
"643","12487385",2009-06-18,"Unknown or Pending",NA,NA,0,0,0,1,1,1
"644","12489657",2009-06-23,"Allowed",2010-05-11,322,0,0,0,1,0,0
"645","12496859",2009-07-02,"Unknown or Pending",NA,NA,2,0,0,1,0,0
"646","12499494",2009-07-08,"Abandoned",NA,NA,2,0,0,1,1,1
"647","12503422",2009-07-15,"Abandoned",NA,NA,2,0,0,1,1,1
"648","12526396",2009-08-07,"Unknown or Pending",NA,NA,1,0,0,1,1,1
"649","12528819",2009-08-27,"Allowed",2010-10-15,414,0,0,0,1,1,0
"650","12542487",2009-08-17,"Allowed",2011-01-10,511,1,0,0,1,1,0
"651","12551207",2009-08-31,"Allowed",2011-05-31,638,1,0,0,1,0,0
"652","12559475",2009-09-14,"Unknown or Pending",NA,NA,0,0,0,1,0,0
"653","12562736",2009-09-18,"Unknown or Pending",NA,NA,1,0,0,1,0,0
"654","12571642",2009-10-01,"Allowed",2010-12-01,426,0,0,2,1,1,1
"655","12576057",2009-10-08,"Allowed",2010-12-16,434,0,0,1,1,1,0
"656","12588868",2009-10-30,"Allowed",2011-12-09,770,0,0,0,1,0,1
"657","12611516",2009-11-03,"Allowed",2010-10-07,338,1,0,0,1,1,1
"658","12618869",2009-11-16,"Unknown or Pending",NA,NA,0,0,0,1,0,1
"659","12624263",2009-11-23,"Allowed",2010-08-17,267,0,0,0,1,1,0
"660","12626195",2009-11-25,"Allowed",2010-12-28,398,0,0,1,1,0,1
"661","12627167",2009-11-30,"Unknown or Pending",NA,NA,2,0,0,1,1,1
"662","12633573",2009-12-08,"Unknown or Pending",NA,NA,0,0,0,1,0,1
"663","12640413",2009-12-17,"Unknown or Pending",NA,NA,0,0,0,1,1,0
"664","12646435",2009-12-23,"Unknown or Pending",NA,NA,0,0,0,1,0,1
"665","12661393",2010-03-17,"Allowed",2011-04-14,393,2,1,0,1,1,0
"666","12672352",2010-02-05,"Unknown or Pending",NA,NA,1,0,0,1,1,1
"667","12704703",2010-02-12,"Allowed",2011-10-13,608,0,0,0,1,0,0
"668","12704840",2010-02-12,"Allowed",2011-12-19,675,1,0,0,1,1,0
"669","12716332",2010-03-03,"Unknown or Pending",NA,NA,2,1,0,1,1,1
"670","12716342",2010-03-03,"Unknown or Pending",NA,NA,2,1,0,1,0,1
"671","12716868",2010-03-03,"Unknown or Pending",NA,NA,3,1,0,1,1,0
"672","12734635",2010-05-13,"Unknown or Pending",NA,NA,0,0,0,1,1,1
"673","12737122",2010-12-09,"Unknown or Pending",NA,NA,0,0,0,1,1,0
"674","12737239",2010-12-20,"Unknown or Pending",NA,NA,3,0,0,1,1,1
"675","12739644",2010-04-23,"Abandoned",NA,NA,0,0,0,1,1,1
"676","12743917",2010-05-20,"Allowed",2012-11-13,908,0,0,0,1,1,1
"677","12745575",2010-06-01,"Unknown or Pending",NA,NA,2,0,0,1,1,1
"678","12802847",2010-06-16,"Unknown or Pending",NA,NA,0,0,0,1,1,0
"679","12805814",2010-08-20,"Allowed",2012-03-30,588,1,0,0,1,0,0
"680","12811772",2010-07-06,"Allowed",2012-09-28,815,1,0,0,1,1,0
"681","12813416",2010-06-10,"Unknown or Pending",NA,NA,0,0,0,1,0,1
"682","12814119",2010-06-11,"Unknown or Pending",NA,NA,0,0,0,1,1,0
"683","12817108",2010-06-16,"Allowed",2012-06-14,729,1,0,0,1,0,0
"684","12822696",2010-06-24,"Allowed",2012-12-26,916,1,0,0,1,0,1
"685","12833779",2010-07-09,"Abandoned",NA,NA,2,0,0,1,1,0
"686","12836888",2010-07-15,"Unknown or Pending",NA,NA,1,0,0,1,1,0
"687","12838611",2010-07-19,"Allowed",2012-08-17,760,0,0,0,1,1,0
"688","12907894",2010-10-19,"Unknown or Pending",NA,NA,1,0,0,1,1,0
"689","12910794",2010-10-23,"Unknown or Pending",NA,NA,2,0,0,1,1,0
"690","12924517",2010-09-30,"Allowed",2012-08-16,686,1,0,0,1,0,0
"691","12930383",2011-01-06,"Unknown or Pending",NA,NA,1,0,0,1,0,0
"692","12934777",2010-09-27,"Unknown or Pending",NA,NA,0,0,0,1,1,1
"693","12939013",2010-11-03,"Unknown or Pending",NA,NA,1,0,0,1,0,1
"694","12939152",2010-11-03,"Unknown or Pending",NA,NA,0,0,0,1,0,1
"695","12940155",2010-11-05,"Allowed",2013-04-01,878,0,0,0,1,0,1
"696","12946909",2010-11-16,"Unknown or Pending",NA,NA,1,0,0,1,1,0
"697","12949994",2010-11-19,"Unknown or Pending",NA,NA,1,0,0,1,0,1
"698","12957670",2010-12-01,"Unknown or Pending",NA,NA,0,0,0,1,0,0
"699","13001620",2010-12-27,"Unknown or Pending",NA,NA,0,0,0,1,1,0
"700","13003874",2011-01-12,"Unknown or Pending",NA,NA,0,0,0,1,1,0
"701","13006412",2011-01-13,"Allowed",2012-12-11,698,2,0,0,1,1,0
"702","13012539",2011-01-24,"Unknown or Pending",NA,NA,0,0,0,1,1,0
"703","13013203",2011-01-25,"Unknown or Pending",NA,NA,0,0,0,1,1,0
"704","13017107",2011-01-31,"Unknown or Pending",NA,NA,0,0,0,1,0,1
"705","13027563",2011-02-15,"Unknown or Pending",NA,NA,1,0,0,1,1,0
"706","13030106",2011-02-17,"Unknown or Pending",NA,NA,0,0,0,1,1,0
"707","13037706",2011-03-01,"Unknown or Pending",NA,NA,0,0,0,1,1,0
"708","13039753",2011-03-03,"Unknown or Pending",NA,NA,0,0,0,1,0,1
"709","13040001",2011-03-03,"Unknown or Pending",NA,NA,1,0,0,1,0,0
"710","13056929",2011-01-31,"Unknown or Pending",NA,NA,1,0,0,1,1,1
"711","13103472",2011-05-09,"Unknown or Pending",NA,NA,0,0,0,1,0,0
"712","13108110",2011-05-16,"Unknown or Pending",NA,NA,1,0,0,1,0,0
"713","13111941",2011-05-19,"Unknown or Pending",NA,NA,1,0,0,1,0,0
"714","13113897",2011-05-23,"Allowed",2013-01-15,603,2,0,0,1,1,0
"715","13120866",2011-03-24,"Unknown or Pending",NA,NA,0,0,0,1,1,0
"716","13125381",2011-04-21,"Unknown or Pending",NA,NA,0,0,0,1,1,1
"717","13131016",2011-05-24,"Unknown or Pending",NA,NA,0,0,0,1,1,1
"718","13138203",2011-07-19,"Unknown or Pending",NA,NA,1,0,0,1,1,1
"719","13138697",2011-09-20,"Unknown or Pending",NA,NA,0,0,0,1,1,1
"720","13141660",2011-06-22,"Unknown or Pending",NA,NA,2,0,0,1,1,1
"721","13201222",2011-08-12,"Unknown or Pending",NA,NA,0,0,0,1,1,1
"722","13210057",2011-08-15,"Unknown or Pending",NA,NA,0,0,0,1,0,1
"723","13210085",2011-08-15,"Unknown or Pending",NA,NA,0,0,0,1,1,0
"724","13233760",2011-09-15,"Unknown or Pending",NA,NA,0,0,0,1,1,1
"725","13246036",2011-09-27,"Allowed",2012-10-03,372,2,0,0,1,1,0
"726","13249671",2011-09-30,"Allowed",2012-05-14,227,1,0,0,1,1,0
"727","13249813",2011-09-30,"Unknown or Pending",NA,NA,1,0,0,1,0,0
"728","13253992",2011-10-06,"Unknown or Pending",NA,NA,0,0,0,1,0,1
"729","13264841",2011-10-17,"Unknown or Pending",NA,NA,0,0,0,1,1,0
"730","13311431",2011-12-05,"Allowed",2012-12-10,371,2,0,0,1,1,0
"731","13312348",2011-12-06,"Unknown or Pending",NA,NA,2,0,0,1,1,0
"732","13317494",2011-10-20,"Unknown or Pending",NA,NA,0,0,0,1,0,1
"733","13325106",2011-12-14,"Unknown or Pending",NA,NA,0,0,0,1,1,1
"734","13326041",2011-12-14,"Unknown or Pending",NA,NA,0,0,0,1,0,1
"735","13333836",2011-12-21,"Unknown or Pending",NA,NA,1,0,0,1,1,0
"736","13340061",2011-12-29,"Unknown or Pending",NA,NA,0,0,0,1,1,0
"737","13343743",2012-01-05,"Allowed",2012-11-27,327,1,0,0,1,1,0
"738","13360082",2012-01-27,"Unknown or Pending",NA,NA,1,0,0,1,0,1
"739","13402979",2012-02-23,"Unknown or Pending",NA,NA,0,0,0,1,1,0
"740","13413220",2012-03-06,"Unknown or Pending",NA,NA,0,0,0,1,0,1
"741","13420729",2012-03-15,"Unknown or Pending",NA,NA,0,0,0,1,1,0
"742","13442744",2012-04-09,"Unknown or Pending",NA,NA,0,0,0,1,1,0
"743","13455553",2012-04-25,"Allowed",2013-05-22,392,1,0,0,1,1,0
"744","13456945",2012-04-26,"Allowed",2013-02-21,301,1,0,0,1,1,0
"745","13510339",2012-05-17,"Unknown or Pending",NA,NA,0,0,0,1,1,1
"746","13512030",2012-05-25,"Unknown or Pending",NA,NA,0,0,0,1,1,1
"747","13520526",2012-07-03,"Unknown or Pending",NA,NA,0,0,0,1,1,1
"748","13542147",2012-07-05,"Unknown or Pending",NA,NA,0,0,0,1,1,0
"749","13552824",2012-07-19,"Unknown or Pending",NA,NA,0,0,0,1,1,1
"750","13577582",2012-08-07,"Unknown or Pending",NA,NA,0,0,0,1,1,0
"751","13578856",2012-08-14,"Unknown or Pending",NA,NA,0,0,0,1,1,0
"752","29001815",1992-12-15,"Allowed",1993-07-14,211,0,0,0,1,0,0
"753","29011039",1993-08-31,"Allowed",1994-05-17,259,0,0,0,1,0,0
"754","29017077",1994-02-24,"Allowed",1994-09-07,195,0,0,0,1,0,0
"755","29033238",1995-03-07,"Allowed",1995-11-14,252,0,0,0,1,0,0
"756","29039950",1995-07-14,"Allowed",1995-10-30,108,0,0,0,1,0,0
"757","29041336",1995-08-17,"Abandoned",1999-01-20,1252,3,0,0,1,1,0
"758","29042401",1995-09-07,"Allowed",1995-12-22,106,0,0,0,1,0,0
"759","29057289",1996-09-18,"Allowed",1997-12-30,468,1,0,0,1,0,1
"760","29069611",1997-06-02,"Allowed",1997-10-08,128,0,0,0,1,1,1
"761","29085058",1998-03-20,"Allowed",2003-08-11,1970,1,0,0,1,0,0
"762","60007365",1996-01-23,"Unknown or Pending",NA,NA,0,0,0,1,1,0
"763","60015076",1996-04-18,"Unknown or Pending",NA,NA,0,0,0,1,1,0
"764","60039584",1997-03-27,"Unknown or Pending",NA,NA,0,0,0,1,1,0
"765","60058733",1997-09-28,"Unknown or Pending",NA,NA,0,0,0,1,1,0
"766","60063705",1997-11-12,"Unknown or Pending",NA,NA,0,0,0,1,1,0
"767","90000931",1986-01-06,"Unknown or Pending",NA,NA,0,0,1,1,1,0
"768","90001576",1988-08-09,"Unknown or Pending",NA,NA,0,0,0,1,1,0
"769","90001591",1988-08-30,"Unknown or Pending",NA,NA,0,0,0,1,1,0
"770","90002307",1991-03-26,"Unknown or Pending",NA,NA,0,0,0,1,1,0
"771","90002399",1991-08-13,"Unknown or Pending",NA,NA,0,0,3,1,1,0
"772","90002872",1992-10-28,"Unknown or Pending",NA,NA,0,0,6,1,1,0
"773","90003714",1995-02-02,"Unknown or Pending",NA,NA,0,0,0,1,1,0
"774","90004063",1995-12-22,"Unknown or Pending",NA,NA,0,0,0,1,1,1
"775","90005021",1998-06-22,"Unknown or Pending",NA,NA,0,0,1,1,1,0
"776","90005250",1999-03-15,"Unknown or Pending",NA,NA,0,0,0,1,1,0
"777","90006182",2002-01-08,"Unknown or Pending",NA,NA,0,0,0,1,1,0
"778","90008161",2006-08-14,"Unknown or Pending",NA,NA,0,0,0,1,1,0
"779","90008548",2007-04-04,"Unknown or Pending",NA,NA,0,0,0,1,1,0
"780","95000340",2008-02-05,"Unknown or Pending",NA,NA,0,0,0,1,1,0
"781","95000474",2009-05-19,"Unknown or Pending",NA,NA,0,0,0,1,1,0
"782","95001391",2010-07-07,"Unknown or Pending",NA,NA,0,0,0,1,1,0
"783","95001445",2010-09-13,"Unknown or Pending",NA,NA,0,0,0,1,1,0
"784","95001869",2012-01-19,"Unknown or Pending",NA,NA,0,0,0,1,1,0
"785","95001913",2012-02-29,"Unknown or Pending",NA,NA,0,0,0,1,1,0
"786","95002016",2012-06-14,"Unknown or Pending",NA,NA,0,0,0,1,1,0
"787","95002069",2012-08-07,"Unknown or Pending",NA,NA,0,0,0,1,1,0
"788","95002104",2012-08-27,"Unknown or Pending",NA,NA,0,0,0,1,1,0
"789","95002344",2012-09-14,"Unknown or Pending",NA,NA,0,0,0,1,1,0
"790","95002403",2012-09-15,"Unknown or Pending",NA,NA,0,0,0,1,1,0
